{
    "version": 1,
    "models": {
        "Profile": {
            "name": "Profile",
            "fields": {
                "id": {
                    "name": "id",
                    "isArray": false,
                    "type": "ID",
                    "isRequired": true,
                    "attributes": []
                },
                "email": {
                    "name": "email",
                    "isArray": false,
                    "type": "String",
                    "isRequired": false,
                    "attributes": []
                },
                "displayName": {
                    "name": "displayName",
                    "isArray": false,
                    "type": "String",
                    "isRequired": false,
                    "attributes": []
                },
                "avatarUrl": {
                    "name": "avatarUrl",
                    "isArray": false,
                    "type": "String",
                    "isRequired": false,
                    "attributes": []
                },
                "city": {
                    "name": "city",
                    "isArray": false,
                    "type": "String",
                    "isRequired": false,
                    "attributes": []
                },
                "country": {
                    "name": "country",
                    "isArray": false,
                    "type": "String",
                    "isRequired": false,
                    "attributes": []
                },
                "bio": {
                    "name": "bio",
                    "isArray": false,
                    "type": "String",
                    "isRequired": false,
                    "attributes": []
                },
                "createdAt": {
                    "name": "createdAt",
                    "isArray": false,
                    "type": "AWSDateTime",
                    "isRequired": false,
                    "attributes": [],
                    "isReadOnly": true
                },
                "updatedAt": {
                    "name": "updatedAt",
                    "isArray": false,
                    "type": "AWSDateTime",
                    "isRequired": false,
                    "attributes": [],
                    "isReadOnly": true
                }
            },
            "syncable": true,
            "pluralName": "Profiles",
            "attributes": [
                {
                    "type": "model",
                    "properties": {}
                },
                {
                    "type": "key",
                    "properties": {
                        "fields": [
                            "id"
                        ]
                    }
                },
                {
                    "type": "auth",
                    "properties": {
                        "rules": [
                            {
                                "allow": "private",
                                "operations": [
                                    "create",
                                    "update",
                                    "delete",
                                    "read"
                                ]
                            }
                        ]
                    }
                }
            ],
            "primaryKeyInfo": {
                "isCustomPrimaryKey": false,
                "primaryKeyFieldName": "id",
                "sortKeyFieldNames": []
            }
        },
        "Booking": {
            "name": "Booking",
            "fields": {
                "id": {
                    "name": "id",
                    "isArray": false,
                    "type": "ID",
                    "isRequired": true,
                    "attributes": []
                },
                "customerId": {
                    "name": "customerId",
                    "isArray": false,
                    "type": "ID",
                    "isRequired": true,
                    "attributes": []
                },
                "title": {
                    "name": "title",
                    "isArray": false,
                    "type": "String",
                    "isRequired": true,
                    "attributes": []
                },
                "startTimeIso": {
                    "name": "startTimeIso",
                    "isArray": false,
                    "type": "String",
                    "isRequired": true,
                    "attributes": []
                },
                "endTimeIso": {
                    "name": "endTimeIso",
                    "isArray": false,
                    "type": "String",
                    "isRequired": true,
                    "attributes": []
                },
                "status": {
                    "name": "status",
                    "isArray": false,
                    "type": "String",
                    "isRequired": true,
                    "attributes": []
                },
                "notes": {
                    "name": "notes",
                    "isArray": false,
                    "type": "String",
                    "isRequired": false,
                    "attributes": []
                },
                "createdAt": {
                    "name": "createdAt",
                    "isArray": false,
                    "type": "AWSDateTime",
                    "isRequired": false,
                    "attributes": [],
                    "isReadOnly": true
                },
                "updatedAt": {
                    "name": "updatedAt",
                    "isArray": false,
                    "type": "AWSDateTime",
                    "isRequired": false,
                    "attributes": [],
                    "isReadOnly": true
                }
            },
            "syncable": true,
            "pluralName": "Bookings",
            "attributes": [
                {
                    "type": "model",
                    "properties": {}
                },
                {
                    "type": "key",
                    "properties": {
                        "fields": [
                            "id"
                        ]
                    }
                },
                {
                    "type": "auth",
                    "properties": {
                        "rules": [
                            {
                                "allow": "private",
                                "operations": [
                                    "create",
                                    "update",
                                    "delete",
                                    "read"
                                ]
                            }
                        ]
                    }
                }
            ],
            "primaryKeyInfo": {
                "isCustomPrimaryKey": false,
                "primaryKeyFieldName": "id",
                "sortKeyFieldNames": []
            }
        }
    },
    "enums": {},
    "nonModels": {
        "ViewerReturnType": {
            "name": "ViewerReturnType",
            "fields": {
                "id": {
                    "name": "id",
                    "isArray": false,
                    "type": "ID",
                    "isRequired": true,
                    "attributes": []
                },
                "email": {
                    "name": "email",
                    "isArray": false,
                    "type": "String",
                    "isRequired": false,
                    "attributes": []
                },
                "username": {
                    "name": "username",
                    "isArray": false,
                    "type": "String",
                    "isRequired": false,
                    "attributes": []
                },
                "groups": {
                    "name": "groups",
                    "isArray": true,
                    "type": "String",
                    "isRequired": false,
                    "attributes": [],
                    "isArrayNullable": false
                },
                "isBuyer": {
                    "name": "isBuyer",
                    "isArray": false,
                    "type": "Boolean",
                    "isRequired": false,
                    "attributes": []
                },
                "isSeller": {
                    "name": "isSeller",
                    "isArray": false,
                    "type": "Boolean",
                    "isRequired": false,
                    "attributes": []
                },
                "isStudioOwner": {
                    "name": "isStudioOwner",
                    "isArray": false,
                    "type": "Boolean",
                    "isRequired": false,
                    "attributes": []
                },
                "isAdmin": {
                    "name": "isAdmin",
                    "isArray": false,
                    "type": "Boolean",
                    "isRequired": false,
                    "attributes": []
                },
                "isTrust": {
                    "name": "isTrust",
                    "isArray": false,
                    "type": "Boolean",
                    "isRequired": false,
                    "attributes": []
                },
                "isSupport": {
                    "name": "isSupport",
                    "isArray": false,
                    "type": "Boolean",
                    "isRequired": false,
                    "attributes": []
                },
                "isFinance": {
                    "name": "isFinance",
                    "isArray": false,
                    "type": "Boolean",
                    "isRequired": false,
                    "attributes": []
                }
            }
        }
    },
    "queries": {
        "viewer": {
            "name": "viewer",
            "isArray": false,
            "type": {
                "nonModel": "ViewerReturnType"
            },
            "isRequired": false
        }
    }
}